year,profit_margin_percent,food_cpi
2020,3.4,142.9
2021,3.5,146.31666666666666
2022,3.5,156.6625
2023,3.7,165.82916666666668
2024,4.2,170.20833333333334
